DBN,School Name
01M015,P.S. 015 Roberto Clemente
01M019,P.S. 019 Asher Levy
01M020,P.S. 020 Anna Silver
01M378,School for Global Leaders
01M034,P.S. 034 Franklin D. Roosevelt
01M063,The STAR Academy - P.S.63
01M110,P.S. 110 Florence Nightingale
01M064,P.S. 064 Robert Simon
01M140,P.S. 140 Nathan Straus
01M134,P.S. 134 Henrietta Szold
01M137,P.S. 137 John L. Bernstein
02M001,P.S. 001 Alfred E. Smith
01M142,P.S. 142 Amalia Castro
01M184,P.S. 184m Shuang Wen
01M188,P.S. 188 The Island School
19K404,Academy for Young Writers
01M292,Henry Street School for International Studies
01M301,"Technology, Arts, and Sciences Studio"
02M051,P.S. 051 Elias Howe
01M315,The East Village Community School
01M332,University Neighborhood Middle School
01M345,"Collaborative Academy of Science, Technology, & La"
01M361,The Children's Workshop School
01M363,Neighborhood School
01M364,Earth School
01M450,East Side Community School
01M539,"New Explorations into Science, Technology and Math"
01M839,Tompkins Square Middle School
02M002,P.S. 002 Meyer London
02M003,P.S. 003 Charrette School
02M006,P.S. 006 Lillie D. Blake
02M011,P.S. 011 William T. Harris
02M033,P.S. 033 Chelsea Prep
02M040,P.S. 040 Augustus Saint-Gaudens
02M041,P.S. 041 Greenwich Village
02M042,P.S. 042 Benjamin Altman
02M059,P.S. 059 Beekman Hill International
11X272,Globe School for Environmental Research
02M077,P.S. 77 Lower Lab School
02M089,P.S. 89
02M104,J.H.S. 104 Simon Baruch
02M151,Yorkville Community School
02M111,P.S. 111 Adolph S. Ochs
26Q266,P.S./I.S. 266
02M114,East Side Middle School
02M267,"East Side Elementary School, PS 267"
02M116,P.S. 116 Mary Lindley Murray
02M124,P.S. 124 Yung Wing
06M152,P.S. 152 Dyckman Valley
02M126,P.S. 126 Jacob August Riis
02M130,P.S. 130 Hernando De Soto
02M289,I.S. 289
02M131,M.S. 131
02M225,Ella Baker School
02M150,P.S. 150
02M158,P.S. 158 Bayard Taylor
02M167,J.H.S. 167 Robert F. Wagner
02M177,Yorkville East Middle School
02M183,P.S. 183 Robert L. Stevenson
17K484,Ronald Edmonds Learning Center II
02M198,P.S. 198 Isador E. Ida Straus
02M212,P.S. 212 Midtown West
02M217,P.S./I.S. 217 Roosevelt Island
02M234,P.S. 234 Independence School
18K211,I.S. 211 John Wilson
02M255,M.S. 255 Salk School of Science
02M260,M.S. 260 Clinton School Writers & Artists
02M276,Battery Park City School
02M281,The River School
02M312,New York City Lab Middle School for Collaborative
02M290,P.S. 290 Manhattan New School
02M340,Sixth Avenue Elementary School
02M343,The Peck Slip School
02M347,The 47 American Sign Language & English Lower Scho
02M407,Institute for Collaborative Education
02M397,Spruce Street School
02M408,Professional Performing Arts High School
02M413,School of the Future High School
02M422,Quest to Learn
02M442,"Ballet Tech, NYC Public School for Dance"
03M145,"P.S. 145, The Bloomingdale School"
02M527,P.S. 527 - East Side School for Social Action
02M655,Life Sciences Secondary School
02M896,Lower Manhattan Community Middle School
02M933,City Knoll Middle School
03M009,P.S. 009 Sarah Anderson
03M054,J.H.S. 054 Booker T. Washington
03M075,P.S. 075 Emily Dickinson
03M076,P.S. 076 A. Philip Randolph
03M163,P.S. 163 Alfred E. Smith
03M084,P.S. 084 Lillian Weber
03M087,P.S. 087 William Sherman
03M149,P.S. 149 Sojourner Truth
03M165,P.S. 165 Robert E. Simon
03M166,P.S. 166 The Richard Rodgers School of The Arts an
03M415,Wadleigh Secondary School for the Performing & Vis
03M180,P.S. 180 Hugo Newman
03M185,P.S. 185 - The Early Childhood Discovery and Desig
03M191,P.S. 191 Amsterdam
03M199,P.S. 199 Jessie Isador Straus
03M208,P.S. 208 Alain L. Locke
03M241,STEM Institute of Manhattan
03M242,P.S. 242 - The Young Diplomats Magnet Academy
03M243,M.S. 243 Center School
06M173,P.S. 173
03M245,M.S. M245 The Computer School
03M247,M.S. M247 Dual Language Middle School
05M286,I.S. M286 Renaissance Leadership Academy
03M250,M.S. 250 West Side Collaborative Middle School
03M256,M.S. 256 Academic & Athletic Excellence
03M258,Community Action School - MS 258
03M291,West End Secondary School
03M333,P.S. 333 Manhattan School for Children
03M334,The Anderson School
03M421,West Prep Academy
03M452,P.S. 452
03M862,Mott Hall II
03M859,Special Music School
03M860,Frederick Douglass Academy II Secondary School
04M825,Isaac Newton Middle School for Math & Science
04M007,P.S. 007 Samuel Stern
04M012,Tag Young Scholars
04M038,P.S. 38 Roberto Clemente
25Q130,P.S. 130
04M037,River East Elementary
04M050,P.S. 050 Vito Marcantonio
04M057,James Weldon Johnson
04M377,Renaissance School of the Arts
04M072,The Lexington Academy
05M030,P.S. 030 Hernandez/Hughes
04M083,P.S. 083 Luis Munoz Rivera
29Q283,Preparatory Academy for Writers: A College Board S
04M096,P.S. 096 Joseph Lanzetta
04M102,P.S. 102 Jacques Cartier
04M108,P.S. 108 Assemblyman Angelo Del Toro Educational C
04M112,P.S. 112 Jose Celso Barbosa
04M146,P.S. 146 Ann M. Short
04M155,P.S. 155 William Paca
04M171,P.S. 171 Patrick Henry
04M182,The Bilingual Bicultural School
04M206,P.S. 206 Jose Celso Barbosa
05M318,Thurgood Marshall Academy Lower School
04M224,M.S. 224 Manhattan East School for Arts & Academic
05M148,Eagle Academy for Young Men of Harlem
04M372,Esperanza Preparatory Academy
04M375,Mosaic Preparatory Academy
04M381,Global Neighborhood Secondary School
04M406,Global Technology Preparatory
08X014,P.S. X014 Senator John Calandra
04M497,Central Park East I
04M610,Young Women's Leadership School
07X179,P.S. 179
04M964,Central Park East II
05M036,P.S. 036 Margaret Douglas
05M046,P.S. 046 Arthur Tappan
05M092,P.S. 092 Mary McLeod Bethune
05M123,P.S. 123 Mahalia Jackson
05M125,P.S. 125 Ralph Bunche
05M129,P.S. 129 John H. Finley
05M133,P.S. 133 Fred R Moore
05M154,P.S. 154 Harriet Tubman
05M161,P.S. 161 Pedro Albizu Campos
05M175,P.S. 175 Henry H Garnet
05M194,P.S. 194 Countee Cullen
05M197,P.S. 197 John B. Russwurm
05M200,P.S. 200- The James Mccune Smith School
05M302,KAPPA IV
05M362,Columbia Secondary School
05M499,Frederick Douglass Academy
05M410,The Urban Assembly Institute for New Technologies
05M514,New Design Middle School
05M517,Teachers College Community School
05M670,Thurgood Marshall Academy for Learning and Social
06M018,P.S. 018 Park Terrace
06M004,P.S. 004 Duke Ellington
06M005,P.S. 005 Ellen Lurie
06M209,Hamilton Grange Middle School
06M008,P.S. 008 Luis Belliard
06M028,P.S. 028 Wright Brothers
06M048,P.S. 048 P.O. Michael J. Buczek
06M052,J.H.S. 052 Inwood
19K213,P.S. 213 New Lots
06M098,P.S. 098 Shorac Kappock
06M103,Dos Puentes Elementary School
06M115,P.S. 115 Alexander Humboldt
06M128,P.S. 128 Audubon
06M132,P.S. 132 Juan Pablo Duarte
06M143,J.H.S. 143 Eleanor Roosevelt
06M293,City College Academy of the Arts
19K306,P.S. 306 Ethan Allen
06M153,P.S. 153 Adam Clayton Powell
06M314,Muscota
06M178,Professor Juan Bosch Public School
06M187,P.S./I.S. 187 Hudson Cliffs
06M189,P.S. 189
06M192,P.S. 192 Jacob H. Schiff
06M210,P.S./I.S. 210 - Twenty-first Century Academy for C
06M218,I.S. 218 Salome Urena
19K452,Frederick Douglass Academy VIII Middle School
06M223,The Mott Hall School
06M278,Paula Hedbavny School
06M311,Amistad Dual Language School
06M319,M.S. 319 - Maria Teresa
06M324,M.S. 324 - Patria Mirabal
06M322,Middle School 322
06M346,Community Health Academy of the Heights
06M325,P.S. 325
06M326,M.S. 326 - Writers Today & Leaders Tomorrow
06M528,I.S. 528 Bea Fuller Rodgers School
06M328,M.S. 328 - Manhattan Middle School for Scientific
06M348,Washington Heights Expeditionary Learning School
07X154,P.S. 154 Jonathan D. Hyatt
06M349,Harbor Heights
06M366,Washington Heights Academy
06M368,Hamilton Heights School
06M513,Castle Bridge School
07X001,P.S. 001 Courtlandt School
07X005,P.S. 5 Port Morris
07X018,P.S. 018 John Peter Zenger
07X029,P.S./M.S. 029 Melrose School
07X025,P.S. 025 Bilingual School
07X030,P.S. 030 Wilton
07X031,P.S./M.S. 031 The William Lloyd Garrison
07X043,P.S. 043 Jonas Bronck
07X049,P.S. 049 Willis Avenue
07X065,P.S. 065 Mother Hale Academy
07X151,J.H.S. 151 Lou Gehrig
07X157,P.S. 157 Grove Hill
07X161,P.S. 161 Juan Ponce De Leon School
07X162,J.H.S. 162 Lola Rodriguez De Tio
07X221,South Bronx Preparatory: A College Board School
07X223,M.S. 223 The Laboratory School of Finance and Tech
07X224,P.S./I.S. 224
08X048,P.S. 048 Joseph R. Drake
07X277,P.S. 277
07X296,South Bronx Academy for Applied Media
07X298,Academy of Public Relations
08X101,M.S. X101 Edward R. Byrne
07X343,Academy of Applied Mathematics and Technology
07X359,Concourse Village Elementary School
07X369,Young Leaders Elementary School
07X385,Performance School
08X069,P.S. 069 Journey Prep School
07X500,Hostos-Lincoln Academy of Science
07X551,The Urban Assembly Bronx Academy of Letters
08X036,P.S. 036 Unionport
08X100,P.S. 100 Isaac Clason
08X062,P.S. 062 Inocensio Casanova
08X071,P.S. 071 Rose E. Scala
08X072,P.S. 072 Dr. William Dorney
08X366,Urban Assembly Academy of Civic Engagement
08X075,P.S. 75 School of Research and Discovery
08X093,P.S. 093 Albert G. Oliver
08X107,P.S. 107
08X119,P.S. 119
08X123,J.H.S. 123 James M. Kieran
08X125,J.H.S. 125 Henry Hudson
08X130,P.S. 130 Abram Stevens Hewitt
08X131,J.H.S. 131 Albert Einstein
08X371,Urban Institute of Mathematics
08X138,P.S. 138 Samuel Randall
08X140,P.S. X140 The Eagle School
08X146,P.S. 146 Edward Collins
08X152,P.S. 152 Evergreen
09X042,P.S. 042 Claremont
08X182,P.S. 182
08X269,Bronx Studio School for Writers and Artists
08X301,M.S. 301 Paul L. Dunbar
08X302,M.S. 302 Luisa Dessus Cruz
08X304,P.S. 304 Early Childhood School
08X333,P.S. 333 - The Museum School
08X335,The Academy of the Arts
28Q082,P.S. 082 Hammond
08X337,The School for Inquiry and Social Justice
08X367,"Archimedes Academy for Math, Science and Technolog"
08X467,Mott Hall Community School
08X375,The Bronx Mathematics Preparatory School
08X376,Antonia Pantoja Preparatory Academy: A College Boa
08X392,Bronx Delta School
08X424,The Hunts Point School
08X448,Soundview Academy for Culture and Scholarship
08X562,Blueprint Middle School
09X004,P.S./M.S. 004 Crotona Park West
09X022,J.H.S. 022 Jordan L. Mott
09X011,P.S. 011 Highbridge
09X028,P.S. 028 Mount Hope
09X035,P.S. 035 Franz Siegel
09X055,P.S. 055 Benjamin Franklin
09X053,P.S. 053 Basheer Quisim
09X058,P.S. 058
09X063,P.S. 063 Author's Academy
09X088,P.S. X088 - S. Silverstein Little Sparrow School
09X064,P.S. 064 Pura Belpre
09X070,P.S. 070 Max Schoenfeld
12X195,P.S. 195
09X073,P.S. 073 Bronx
09X232,I.S. 232
09X109,P.S. 109 Sedgwick
09X110,P.S. 110 Theodore Schoenfeld
09X114,P.S. X114 - Luis Llorens Torres Schools
09X145,J.H.S. 145 Arturo Toscanini
09X117,I.S. 117 Joseph H. Wade
09X126,P.S. 126 Dr Marjorie H Dunbar
10X310,P.S. 310 Marble Hill
09X128,Mott Hall III
09X132,P.S. 132 Garret A. Morgan
09X163,P.S. 163 Arthur A. Schomburg
09X170,P.S. 170
09X274,The New American Academy at Roberto Clemente State
09X199,P.S. 199X - The Shakespeare School
09X204,P.S. 204 Morris Heights
09X215,Kappa
09X218,P.S./I.S. 218 Rafael Hernandez Dual Language Magne
09X219,I.S. 219 New Venture School
09X229,I.S. 229 Roland Patterson
09X230,P.S. 230 Dr Roland N. Patterson
09X231,Eagle Academy for Young Men
09X236,P.S. 236 Langston Hughes
09X241,Urban Assembly School for Applied Math and Science
13K056,P.S. 056 Lewis H. Latimer
09X294,The Walton Avenue School
09X303,I.S. X303 Leadership & Community Service
09X313,I.S. 313 School of Leadership Development
09X311,Lucero Elementary School
09X323,Bronx Writing Academy
09X350,New Directions Secondary School
09X324,Bronx Early College Academy for Teaching & Learnin
09X328,New Millennium Business Academy Middle School
09X325,Urban Science Academy
23K150,P.S. 150 Christopher
09X327,Comprehensive Model School Project M.S. 327
09X339,I.S. 339
09X505,"Bronx School for Law, Government and Justice"
09X361,The Highbridge Green School
09X413,Bronx High School for Medical Science
09X449,Grant Avenue Elementary School
09X443,The Family School
13K093,P.S. 093 William H. Prescott
09X454,Science and Technology Academy: A Mott Hall School
09X457,Sheridan Academy for Young Leaders
09X555,Mount Eden Children's Academy
13K301,Satellite East Middle School
09X568,Young Women's Leadership School of the Bronx
10X003,P.S. 3 Raul Julia Micro Society
13K596,M.S. 596 Peace Academy
10X007,Milton Fein School
10X008,P.S. 008 Issac Varian
10X015,P.S. X015 Institute for Environmental Learning
10X009,P.S. 9 Ryer Avenue Elementary School
10X020,"P.S./M.S. 20 P.O.George J. Werdann, III"
10X023,P.S. 023 The New Children's School
10X024,P.S. 024 Spuyten Duyvil
10X032,P.S. 032 Belmont
10X033,P.S. 033 Timothy Dwight
10X037,P.S. X037 - Multiple Intelligence School
10X315,P.S. 315 Lab School
10X045,Thomas C. Giordano Middle School 45
10X046,P.S. 046 Edgar Allan Poe
10X051,P.S. 051 Bronx New School
10X054,P.S./I.S. 54
10X081,P.S. 081 Robert J. Christen
10X056,P.S. 056 Norwood Heights
10X059,P.S. 059 The Community School of Technology
10X077,Bedford Park Elementary School
10X080,J.H.S. 080 The Mosholu Parkway
10X085,P.S. 085 Great Expectations
10X360,P.S. 360
10X086,P.S. 086 Kingsbridge Heights
28Q161,P.S. 161 Arthur Ashe School
10X091,P.S. 091 Bronx
10X094,P.S. 094 Kings College School
10X206,I.S. 206 Ann Mersereau
10X095,P.S. 095 Sheila Mencher
10X118,J.H.S. 118 William W. Niles
10X141,Riverdale / Kingsbridge Academy (Middle School / H
11X111,P.S. 111 Seton Falls
10X159,P.S. 159 Luis Munoz Marin Biling
10X228,Jonas Bronck Academy
10X205,P.S. 205 Fiorello Laguardia
17K191,P.S. 191 Paul Robeson
10X207,P.S. 207
10X209,P.S. 209
10X225,Theatre Arts Production Company School
10X226,P.S. 226
10X243,West Bronx Academy for the Future
10X244,The New School for Leadership and Journalism
10X246,P.S. 246 Poe Center
10X254,I.S. 254
10X279,"P.S. 279 Captain Manuel Rivera, Jr."
10X280,P.S./M.S. 280 Mosholu Parkway
10X291,P.S. 291
10X306,P.S. 306
10X307,Luisa Pineiro Fuentes School of Science and Discov
10X308,Bronx Dance Academy School
11X326,Bronx Green Middle School
10X331,The Bronx School of Young Leaders
10X340,P.S. 340
17K316,P.S. 316 Elijah Stroud
10X342,International School for Liberal Arts
10X344,Ampark Neighborhood
17K531,"School for Human Rights, The"
10X363,Academy For Personal Leadership And Excellence
10X368,In-Tech Academy (M.S. / High School 368)
10X382,"Elementary School for Math, Science, and Technolog"
10X386,School for Environmental Citizenship
11X529,One World Middle School at Edenwald
10X390,M.S. 390
10X391,The Angelo Patri Middle School
12X150,P.S. 150 Charles James Fox
10X396,P.S. 396
10X447,Creston Academy
11X016,P.S. 016 Wakefield
10X459,East Fordham Academy for the Arts
11X019,P.S. 019 Judith K. Weiss
11X021,P.S. 021 Philip H. Sheridan
12X044,P.S. 044 David C. Farragut
11X041,P.S. 041 Gun Hill Road
11X068,P.S. 068 Bronx
11X076,P.S. 076 The Bennington School
11X078,P.S. 078 Anne Hutchinson
11X083,P.S. 083 Donald Hertz
11X087,P.S. 087 Bronx
11X089,P.S. 089 Bronx
11X096,P.S. 096 Richard Rodgers
11X097,P.S. 097 Bronx
11X169,Baychester Academy
11X103,P.S. 103 Hector Fontanez
11X105,P.S. 105 Sen Abraham Bernstein
11X106,P.S. 106 Parkchester
11X108,P.S. 108 Philip J. Abinanti
11X112,P.S. 112 Bronxwood
11X121,P.S. 121 Throop
11X127,J.H.S. 127 The Castle Hill
11X144,J.H.S. 144 Michelangelo
11X153,P.S. 153 Helen Keller
11X160,P.S. 160 Walt Disney
11X175,P.S. 175 City Island
26Q067,J.H.S. 067 Louis Pasteur
11X178,P.S. 178 - Dr. Selman Waksman
11X180,M.S. 180 Dr. Daniel Hale Williams
11X181,I.S. 181 Pablo Casals
11X189,Cornerstone Academy for Social Action
11X194,P.S./M.S. 194
11X287,The Forward School
11X289,The Young Scholars Academy of The Bronx
11X355,Bronx Alliance Middle School
11X357,Young Voices Academy of the Bronx
11X370,School of Diplomacy
11X462,Cornerstone Academy for Social Action Middle Schoo
11X468,Pelham Academy of Academics and Community Engageme
11X481,The STEAM Bridge School
12X050,P.S. 050 Clara Barton
11X483,The Matilda Avenue School
11X498,P.S./M.S. 11X498 - VAN NEST ACADEMY
12X212,P.S. 212
11X532,Baychester Middle School
11X556,Bronx Park Middle School
11X566,Pelham Gardens Middle School
11X567,Linden Tree Elementary School
12X006,P.S. 006 West Farms
12X047,P.S. 047 John Randolph
12X057,P.S. 057 Crescent
12X061,P.S. 061 Francisco Oller
12X066,P.S. 066 School of Higher Expectations
12X067,P.S. 067 Mohegan School
12X092,P.S. 092 Bronx
12X098,J.H.S. 098 Herman Ridder
12X129,M.S. 129 Academy for Independent Learning and Lead
12X134,P.S. 134 George F. Bristow
12X190,E.S.M.T- I.S. 190
12X458,Samara Community School
12X196,P.S. 196
12X211,P.S. 211
12X214,P.S. 214
12X217,School of Performing Arts
12X242,Mott Hall V
12X267,Bronx Latin
12X271,East Bronx Academy for the Future
12X273,Frederick Douglass Academy V. Middle School
12X286,Fannie Lou Hamer Middle School
12X300,The School of Science and Applied Learning
12X314,Fairmont Neighborhood School
12X341,Accion Academy
12X316,Kappa III
12X318,"I.S. X318 Math, Science & Technology Through Arts"
12X383,Emolior Academy
12X372,Urban Assembly School for Wildlife Conservation
12X384,Entrada Academy
12X463,Urban Scholars Community School
12X531,Archer Elementary School
12X691,Bronx Little School
12X536,P.S. 536
13K003,P.S. 003 The Bedford Village
13K305,P.S. 305 Dr. Peter Ray
13K008,P.S. 008 Robert Fulton
13K282,P.S. 282 Park Slope
13K009,P.S. 009 Teunis G. Bergen
13K011,P.S. 011 Purvis J. Behan
13K020,P.S. 020 Clinton Hill
13K044,P.S. 044 Marcus Garvey
13K046,P.S. 046 Edward C. Blum
13K054,P.S. 054 Samuel C. Barnes
13K527,Urban Assembly Institute of Math and Science for Y
13K067,P.S. 067 Charles A. Dorsey
14K031,P.S. 031 Samuel F. Dupont
13K113,M.S. 113 Ronald Edmonds Learning Center
13K133,P.S. 133 William A. Butler
13K256,P.S. 256 Benjamin Banneker
13K265,Dr. Susan S. McKinney Secondary School of the Arts
13K266,M.S. K266 - Park Place Community Middle School
14K196,P.S. 196 Ten Eyck
13K270,P.S. 270 Johann DeKalb
13K287,P.S. 287 Bailey K. Ashford
13K307,P.S. 307 Daniel Hale Williams
13K313,Satellite West Middle School
13K351,The Urban Assembly Unison School
13K492,Academy of Arts and Letters
13K691,Fort Greene Preparatory Academy
15K039,P.S. 039 Henry Bristow
14K016,P.S. 016 Leonard Dunkly
14K017,P.S. 017 Henry D. Woodworth
14K018,P.S. 018 Edward Bush
17K533,School for Democracy and Leadership
14K023,P.S. 023 Carter G. Woodson
14K034,P.S. 034 Oliver H. Perry
14K050,J.H.S. 050 John D. Wells
14K250,P.S. 250 George H. Lindsay
14K059,P.S. 059 William Floyd
14K071,Juan Morel Campos Secondary School
14K120,P.S. 120 Carlos Tapia
14K084,P.S. 084 Jose De Diego
14K110,P.S. 110 The Monitor
14K157,P.S./I.S. 157 The Benjamin Franklin Health & Scien
14K126,John Ericsson Middle School 126
14K132,P.S. 132 The Conselyea School
14K147,P.S. 147 Isaac Remsen
14K257,P.S. 257 John F. Hylan
15K124,P.S. 124 Silas B. Dutcher
14K297,P.S. 297 Abraham Stockton
14K318,I.S. 318 Eugenio Maria De Hostos
14K319,P.S. 319
16K385,"School of Business, Finance and Entrepreneurship"
14K330,The School for the Urban Environment
14K380,P.S. 380 John Wayne Elementary
15K107,P.S. 107 John W. Kimball
14K414,Brooklyn Arbor Elementary School
14K577,Conselyea Preparatory School
16K627,Brighter Choice Community School
14K582,M.S. 582
14K586,Lyons Community School
14K614,Young Women's Leadership School of Brooklyn
15K001,P.S. 001 The Bergen
15K261,P.S. 261 Philip Livingston
15K010,"Magnet School of Math, Science and Design Technolo"
15K015,P.S. 015 Patrick F. Daly
15K024,P.S. 024
15K029,P.S. 029 John M. Harrigan
16K005,P.S. 005 Dr. Ronald Mcnair
15K032,P.S. 032 Samuel Mills Sprole
15K038,P.S. 038 The Pacific
15K051,M.S. 51 William Alexander
15K058,P.S. 058 The Carroll
15K088,J.H.S. 088 Peter Rouget
16K025,P.S. 025 Eubie Blake School
15K094,P.S. 094 The Henry Longfellow
15K131,P.S. 131 Brooklyn
15K118,The Maurice Sendak Community School
15K130,P.S. 130 The Parkside
15K136,I.S. 136 Charles O. Dewey
15K146,P.S. 146
15K154,The Windsor Terrace School
15K169,P.S. 169 Sunset Park
15K172,P.S. 172 Beacon School of Excellence
15K230,P.S. 230 Doris L. Cohen
15K295,P.S. 295
15K321,P.S. 321 William Penn
15K442,M.S. 442 Carroll Gardens School for Innovation
15K418,
15K429,Brooklyn School for Global Studies
16K243,P.S. 243K- The Weeksville School
15K443,New Voices School of Academic & Creative Arts
15K447,The Math & Science Exploratory School
15K448,Brooklyn Secondary School for Collaborative Studie
15K464,Park Slope Collegiate
15K676,Red Hook Neighborhood School
15K497,School for International Studies
15K516,Sunset Park Avenues Elementary School
15K821,Sunset Park Prep
15K839,M.S. 839
16K021,P.S. 021 Crispus Attucks
16K026,P.S. 026 Jesse Owens
16K028,P.S. 028 The Warren Prep Academy
16K035,M.S. 035 Stephen Decatur
16K040,P.S. 040 George W. Carver
16K057,J.H.S. 057 Whitelaw Reid
16K081,P.S. 081 Thaddeus Stevens
16K262,P.S. 262 El Hajj Malik El Shabazz Elementary Schoo
16K267,"M.S. 267 Math, Science & Technology"
16K308,P.S. 308 Clara Cardwell
16K309,P.S. 309 The George E. Wibecan Preparatory Academy
16K335,P.S. 335 Granville T. Woods
17K397,P.S. 397 Foster-Laurie
16K534,Upper School @ P.S. 25
16K584,M.S. 584
16K628,Brooklyn Brownstone School
16K636,Young Scholars' Academy for Discovery and Explorat
16K681,Madiba Prep Middle School
17K002,Parkside Preparatory Academy
17K006,P.S. 006
17K012,Dr. Jacqueline Peek-Davis School
17K061,M.S. 061 Dr. Gladstone H. Atwell
17K091,P.S. 091 The Albany Avenue School
17K092,P.S. 092 Adrian Hegeman
17K138,P.S. 138 Brooklyn
17K161,P.S. 161 The Crown
17K167,P.S. 167 The Parkway
17K181,P.S. 181 Brooklyn
17K189,P.S. 189 The Bilingual Center
17K221,P.S. 221 Toussaint L'Ouverture
17K241,P.S. 241 Emma L. Johnston
17K246,M.S. 246 Walt Whitman
17K705,Brooklyn Arts and Science Elementary School
17K249,P.S. 249 The Caton
17K289,P.S. 289 George V. Brower
17K334,Middle School for Academic and Social Excellence
17K340,I.S. 340
17K352,Ebbets Field Middle School
17K353,Elijah Stroud Middle School
17K354,The School of Integrated Learning
17K375,P.S. 375 Jackie Robinson School
17K382,Academy for College Preparation and Career Explora
17K394,M.S. K394
17K398,P.S. 398 Walter Weaver
17K399,P.S. 399 Stanley Eugene Clark
17K532,New Bridges Elementary
17K770,P.S. 770 New American Academy
17K543,"Science, Technology and Research Early College Hig"
17K590,Medgar Evers College Preparatory School
17K722,New Heights Middle School
18K233,P.S. 233 Langston Hughes
18K066,P.S. 66
18K068,I.S. 068 Isaac Bildersee
25Q163,P.S. 163 Flushing Heights
18K114,P.S. 114 Ryder Elementary
18K115,P.S. 115 Daniel Mucatel School
18K135,P.S. 135 Sheldon A. Brookner
18K208,P.S. 208 Elsa Ebeling
18K272,P.S. 272 Curtis Estabrook
18K219,P.S. 219 Kennedy-King
18K235,P.S. 235 Janice Marie Knight School
18K244,P.S. 244 Richard R. Green
18K268,P.S. 268 Emma Lazarus
18K276,P.S. 276 Louis Marshall
18K279,P.S. 279 Herman Schreiber
18K285,I.S. 285 Meyer Levin
18K366,The Science And Medicine Middle School
19K065,P.S. 065
18K581,East Flatbush Community Research School
18K588,Middle School for Art and Philosophy
18K598,Middle School of Marketing and Legal Studies
18K763,Brooklyn Science and Engineering Academy
19K007,P.S. 007 Abraham Lincoln
19K013,P.S. 013 Roberto Clemente
19K089,P.S. 089 Cypress Hills
19K108,P.S. 108 Sal Abbracciamento
19K158,P.S. 158 Warwick
19K149,P.S. 149 Danny Kaye
19K422,Spring Creek Community School
19K159,P.S. 159 Isaac Pitkin
19K171,I.S. 171 Abraham Lincoln
19K174,P.S. 174 Dumont
19K190,P.S. 190 Sheffield
19K202,P.S. 202 Ernest S. Jenkyns
19K214,P.S. 214 Michael Friedsam
19K218,J.H.S. 218 James P. Sinnott
19K224,P.S. 224 Hale A. Woodruff
19K273,P.S. 273 Wortman
19K290,P.S. 290 Juan Morel Campos
19K292,J.H.S. 292 Margaret S. Douglas
19K311,Essence School
19K325,The Fresh Creek School
26Q213,P.S. 213 The Carl Ullman School
19K328,P.S. 328 Phyllis Wheatley
19K345,P.S. 345 Patrolman Robert Bolden
19K346,P.S. 346 Abe Stark
19K364,I.S. 364 Gateway
19K678,East New York Middle School of Excellence
19K409,East New York Family Academy
19K557,Brooklyn Gardens Elementary School
19K654,Van Siclen Community Middle School
19K661,Vista Academy
19K677,East New York Elementary School of Excellence
19K662,Liberty Avenue Middle School
20K048,P.S. 048 Mapleton
19K663,School of the Future Brooklyn
19K760,Highland Park Community School
20K030,P.S./I.S. 30 Mary White Ovington
20K062,J.H.S. 062 Ditmas
20K069,P.S. 69 Vincent D. Grippo School
20K102,P.S. 102 The Bayview
20K104,P.S./I.S. 104 The Fort Hamilton School
20K112,P.S. 112 Lefferts Park
20K105,P.S. 105 The Blythebourne
20K127,P.S. 127 Mckinley Park
20K160,P.S. 160 William T. Sampson
20K163,P.S. 163 Bath Beach
20K164,P.S. 164 Caesar Rodney
20K170,Ralph A. Fabrizio School
20K176,P.S. 176 Ovington
20K179,P.S. 179 Kensington
20K180,The SEEALL Academy
20K185,P.S. 185 Walter Kassenbrock
20K247,P.S. 247 Brooklyn
20K186,P.S. 186 Dr. Irving A Gladstone
20K264,P.S. 264 Bay Ridge Elementary School For The Arts
20K187,The Christa McAuliffe School\I.S. 187
20K506,P.S. 506: The School of Journalism & Technology
20K192,P.S. 192 - The Magnet School for Math and Science
20K204,P.S. 204 Vince Lombardi
20K200,P.S. 200 Benson School
20K686,Brooklyn School of Inquiry
20K201,J.H.S. 201 The Dyker Heights
20K205,P.S. 205 Clarion
20K220,J.H.S. 220 John J. Pershing
27Q062,P. S. 62 - Chester Park School
20K223,J.H.S. 223 The Montauk
20K227,J.H.S. 227 Edward B. Shallow
20K229,P.S. 229 Dyker
20K259,J.H.S. 259 William Mckinley
20K310,The School For Future Leaders
20K503,P.S. 503: The School of Discovery
20K609,Urban Assembly School for Criminal Justice
20K682,The Academy of Talented Scholars
20K748,P.S. 748 Brooklyn School for Global Scholars
20K971,"School of Math, Science, and Healthy Living"
29Q295,P.S./I.S. 295
21K090,P.S. 90 Edna Cohen School
21K095,P.S. 095 The Gravesend
21K096,I.S. 096 Seth Low
21K097,P.S. 97 The Highlawn
21K100,P.S. 100 The Coney Island School
21K098,I.S. 98 Bay Academy
21K099,P.S. 099 Isaac Asimov
21K101,P.S. 101 The Verrazano
26Q188,P.S. 188 Kingsbury
21K121,P.S. 121 Nelson A. Rockefeller
21K128,P.S. 128 Bensonhurst
21K153,P.S. 153 Homecrest
21K177,P.S. 177 The Marlboro
21K188,P.S. 188 Michael E. Berdy
21K212,P.S. 212 Lady Deborah Moody
21K199,P.S. 199 Frederick Wachtel
21K209,P.S. 209 Margaret Mead
21K215,P.S. 215 Morris H. Weiss
21K216,P.S. 216 Arturo Toscanini
31R030,P.S. 030 Westerleigh
21K225,P.S. K225 - The Eileen E. Zaglin
21K226,P.S. 226 Alfred De B.Mason
21K238,P.S. 238 Anne Sullivan
21K228,I.S. 228 David A. Boody
22K014,J.H.S. 014 Shell Bank
21K239,Mark Twain I.S. 239 for the Gifted & Talented
21K253,P.S. 253
21K281,I.S. 281 Joseph B Cavallaro
21K288,P.S. 288 The Shirley Tanyhill
21K303,I.S. 303 Herbert S. Eisenberg
21K329,P.S. 329 Surfside
21K468,Kingsborough Early College School
22K197,P.S. 197 - The Kings Highway Academy
21K690,Brooklyn Studio Secondary School
22K052,P.S. 052 Sheepshead Bay
22K078,J.H.S. 078 Roy H. Mann
22K109,P.S. 109
22K119,P.S. 119 Amersfort
22K134,P.S. K134
22K222,P.S. 222 Katherine R. Snyder
22K139,P.S. 139 Alexine A. Fenty
22K152,School of Science & Technology
22K245,P.S. 245
22K193,P.S. 193 Gil Hodges
22K194,P.S. 194 Raoul Wallenberg
22K195,P.S. 195 Manhattan Beach
31R044,P.S. 044 Thomas C. Brown
22K198,P.S. 198 Brooklyn
22K203,P.S. 203 Floyd Bennett School
22K206,P.S. 206 Joseph F Lamb
22K207,P.S. 207 Elizabeth G. Leary
22K217,P.S. 217 Colonel David Marcus School
22K234,J.H.S. 234 Arthur W. Cunningham
22K236,P.S. 236 Mill Basin
22K251,P.S. 251 Paerdegat
22K240,Andries Hudde
22K254,P.S. 254 Dag Hammarskjold
24Q087,P.S./I.S. 087 Middle Village
22K255,P.S. 255 Barbara Reing School
22K277,P.S. 277 Gerritsen Beach
22K269,P.S. 269 Nostrand
23K298,P.S. 298 Dr. Betty Shabazz
22K278,J.H.S. 278 Marine Park
22K312,P.S. 312 Bergen Beach
22K315,P.S. K315
22K326,P.S. 326
23K522,Mott Hall IV
22K361,P.S. 361 East Flatbush Early Childhood School
22K381,I. S. 381
23K041,P.S. 041 Francis White
23K073,P.S. 073 Thomas S. Boyland
23K137,P.S./I.S. 137 Rachel Jean Mitchell
23K155,P.S./ I.S. 155 Nicholas Herkimer
23K156,P.S. 156 Waverly
23K165,P.S. 165 Ida Posner
23K178,P.S. 178 Saint Clair Mckelway
23K184,P.S. 184 Newport
23K284,P.S. 284 Lew Wallace
23K323,P.S./I.S. 323
23K327,P.S. 327 Dr. Rose B. English
23K363,Brownsville Collaborative Middle School
23K392,I.S. 392
23K401,Christopher Avenue Community School
23K446,Riverdale Avenue Community School
23K518,Kappa V
23K599,Brooklyn Landmark Elementary School
23K644,Eagle Academy for Young Men II
23K664,Brooklyn Environmental Exploration School (BEES)
23K668,Riverdale Avenue Middle School
23K671,Mott Hall Bridges Academy
23K697,Teachers Preparatory High School
24Q005,I.S. 5 - The Walter Crowley Intermediate School
24Q007,P.S. 007 Louis F. Simeone
24Q012,P.S. 012 James B. Colgate
24Q013,P.S. 013 Clement C. Moore
24Q014,P.S. 014 Fairview
24Q016,P.S. Q016 The Nancy DeBenedittis School
24Q019,P.S. 019 Marino Jeantet
24Q049,P.S. 049 Dorothy Bonawit Kole
24Q028,P.S. 28 - The Thomas Emanuel Early Childhood Cente
24Q058,P.S. 58 - The School of Heroes
24Q311,Corona Arts and Sciences Academy
24Q061,I.S. 061 Leonardo Da Vinci
24Q068,P.S. 068 Cambridge
24Q081,P.S. 81Q Jean Paul Richter
24Q071,P.S. 071 Forest
24Q073,I.S. 73 - The Frank Sansivieri Intermediate School
24Q077,I.S. 077
24Q143,P.S. 143 Louis Armstrong
24Q088,P.S. 088 Seneca
24Q089,P.S. 089 Elmhurst
24Q110,P.S. 110
24Q091,P.S. 091 Richard Arkwright
24Q093,I.S. 093 Ridgewood
24Q102,P.S. 102 Bayview
24Q113,P.S./I.S. 113 Anthony J. Pranzo
24Q119,I.S. 119 The Glendale
24Q125,I.S. 125 Thom J. McCann Woodside
24Q128,"P.S. 128 The Lorraine Tuzzo, Juniper Valley Elemen"
24Q153,P.S. 153 Maspeth Elem
24Q199,P.S. 199 Maurice A. Fitzgerald
24Q211,Elm Tree Elementary School
24Q229,P.S. 229 Emanuel Kaplan
24Q239,P.S. 239
24Q290,A.C.E. Academy for Scholars at the Geraldine Ferra
24Q305,Learners and Leaders
25Q020,P.S. 020 John Bowne
24Q307,Pioneer Academy
24Q330,P.S. 330
24Q343,The Children's Lab School
24Q560,"Robert F. Wagner, Jr. Secondary School for Arts an"
24Q877,The 51 Avenue Academy (The Path To Academic Excell
25Q021,P.S. 021 Edward Hart
25Q022,P.S. 022 Thomas Jefferson
25Q024,P.S. 024 Andrew Jackson
25Q025,I.S. 025 Adrien Block
25Q032,P.S. 032 State Street
25Q029,P.S. 029 Queens
25Q079,P.S. 079 Francis Lewis
25Q107,P.S. 107 Thomas A Dooley
25Q120,P.S. 120 Queens
25Q129,P.S. 129 Patricia Larkin
25Q164,P.S. 164 Queens Valley
25Q154,P.S. 154 Queens
25Q242,P.S. 242 Leonard P. Stavisky Early Childhood Schoo
25Q165,P.S. 165 Edith K. Bergtraum
25Q169,P.S. 169 Bay Terrace
26Q018,P.S. 018 Winchester
25Q184,P.S. 184 Flushing Manor
25Q185,J.H.S. 185 Edward Bleeker
27Q065,P.S. 65 - The Raymond York Elementary School
25Q189,J.H.S. 189 Daniel Carter Beard
25Q193,P.S. 193 Alfred J. Kennedy
25Q194,J.H.S. 194 William Carr
25Q200,P.S./M.S. 200 - The Pomonok School & STAR Academy
25Q201,P.S. 201 The Discovery School for Inquiry and Rese
25Q209,P.S. 209 Clearview Gardens
25Q214,P.S. 214 Cadwallader Colden
25Q219,P.S. 219 Paul Klapper
26Q041,P.S. 041 Crocheron
25Q244,The Active Learning Elementary School
25Q237,I.S. 237
26Q172,Irwin Altman Middle School 172
25Q250,I.S. 250 The Robert F. Kennedy Community Middle Sc
25Q252,"Queens School of Inquiry, The"
25Q281,East-West School of International Studies
25Q285,World Journalism Preparatory: A College Board Scho
25Q294,BELL Academy
25Q499,"The Queens College School for Math, Science and Te"
26Q026,P.S. 026 Rufus King
26Q031,P.S. 031 Bayside
26Q046,P.S. 046 Alley Pond
27Q317,Waterside Children's Studio School
26Q074,J.H.S. 074 Nathaniel Hawthorne
26Q094,P.S. 094 David D. Porter
29Q118,P.S. 118 Lorraine Hansberry
26Q098,P.S. 098 The Douglaston School
26Q115,P.S. 115 The James J. Ambrose School
26Q133,P.S. 133 Queens
27Q319,Village Academy
26Q158,M.S. 158 Marie Curie
26Q159,P.S. 159
26Q162,P.S. 162 John Golden
26Q173,P.S. 173 Fresh Meadows
26Q178,P.S./ IS 178 Holliswood
26Q186,P.S. 186 Castlewood
26Q191,P.S. 191 Mayflower
26Q203,P.S. 203 Oakland Gardens
26Q205,P.S. 205 Alexander Graham Bell
26Q216,J.H.S. 216 George J. Ryan
26Q221,P.S. 221 The North Hills School
27Q042,P.S./M.S 042 R. Vernam
27Q043,P.S. 043
27Q045,P.S. 045 Clarence Witherspoon
27Q047,P.S. 047 Chris Galas
27Q051,P.S. 051
27Q053,M.S. 053 Brian Piccolo
27Q108,P.S. 108 Captain Vincent G. Fowler
27Q056,P.S. 056 Harry Eichler
27Q060,P.S. 060 Woodhaven
27Q063,P.S. 063 Old South
27Q064,P.S. 064 Joseph P. Addabbo
27Q066,P.S. 066 Jacqueline Kennedy Onassis
27Q090,P.S. 090 Horace Mann
27Q096,P.S. 096
27Q097,P.S. 097 Forest Park
30Q084,P.S. 084 Steinway
27Q100,P.S. 100 Glen Morris
27Q104,P.S. 104 The Bays Water
27Q105,P.S. 105 The Bay School
27Q106,P.S. 106
27Q254,P.S. 254 - The Rosa Parks School
27Q114,P.S./M.S. 114 Belle Harbor
27Q123,P.S. 123
27Q282,Knowledge and Power Preparatory Academy VI
27Q124,P.S. 124 Osmond A Church
27Q137,M.S. 137 America's School of Heroes
27Q146,P.S. 146 Howard Beach
27Q155,P.S. 155
27Q183,P.S. 183 Dr. Richard R. Green
27Q197,P.S. 197 The Ocean School
27Q202,J.H.S. 202 Robert H. Goddard
27Q207,P.S. 207 Rockwood Park
27Q210,J.H.S. 210 Elizabeth Blackwell
27Q223,P.S. 223 Lyndon B. Johnson
27Q226,J.H.S. 226 Virgil I. Grissom
27Q232,P.S. 232 Lindenwood
27Q253,P.S. 253
27Q262,Channel View School for Research
27Q273,P.S. 273
27Q297,Hawtree Creek Middle School
27Q306,New York City Academy for Discovery
27Q309,Academy of Medical Technology: A College Board Sch
27Q316,Queens Explorers Elementary School
27Q323,Scholars' Academy
27Q318,Waterside School For Leadership
29Q035,P.S. 035 Nathaniel Woodhull
27Q333,Goldie Maple Academy
27Q362,Wave Preparatory Elementary School
28Q284,York Early College Academy
28Q008,J.H.S. 008 Richard S. Grossley
28Q040,P.S. 040 Samuel Huntington
28Q048,P.S. 048 William Wordsworth
28Q050,P.S. 050 Talfourd Lawn Elementary School
28Q054,P.S. 054 Hillside
28Q055,P.S. 055 Maure
28Q680,Queens Gateway to Health Sciences Secondary School
28Q072,Catherine & Count Basie Middle School 72
28Q080,P.S. 80 The Thurgood Marshall Magnet School of Mul
28Q086,P.S. Q086
28Q099,P.S. 099 Kew Gardens
28Q101,P.S. 101 School in the Gardens
29Q176,P.S. 176 Cambria Heights
28Q117,P.S. 117 J. Keld / Briarwood School
28Q121,P.S. 121 Queens
28Q139,P.S. 139 Rego Park
28Q140,P.S. 140 Edward K Ellington
28Q144,P.S. 144 Col Jeromus Remsen
28Q157,J.H.S. 157 Stephen A. Halsey
28Q174,P.S. 174 William Sidney Mount
28Q160,P.S. 160 Walter Francis Bishop
28Q167,Metropolitan Expeditionary Learning School
28Q175,P.S. 175 The Lynn Gross Discovery School
28Q182,P.S. 182 Samantha Smith
28Q190,J.H.S. 190 Russell Sage
28Q312,Jamaica Children's School
28Q196,P.S. 196 Grand Central Parkway
28Q206,P.S. 206 The Horace Harding School
28Q217,J.H.S. 217 Robert A. Van Wyck
30Q300,The 30th Avenue School (G&T Citywide)
28Q220,P.S. 220 Edward Mandel
30Q002,P.S. 002 Alfred Zimberg
28Q287,The Emerson School
28Q303,The Academy for Excellence through the Arts
28Q310,Queens Collegiate: A College Board School
28Q332,Redwood Middle School
28Q349,The Queens School for Leadership and Excellence
28Q354,P.S. 354
28Q358,M.S. 358
29Q015,P.S. 015 Jackie Robinson
28Q896,"Young Women's Leadership School, Queens"
29Q033,P.S. 033 Edward M. Funk
29Q034,P.S. 034 John Harvard
29Q052,P.S. 052 Queens
29Q036,P.S. 036 Saint Albans School
29Q037,Cynthia Jenkins School
29Q038,P.S. 038 Rosedale
31R007,I.S. 007 Elias Bernstein
29Q059,I.S. 059 Springfield Gardens
29Q095,P.S. 095 Eastwood
29Q109,Jean Nuzzi Intermediate School
29Q116,P.S./I.S. 116 William C. Hughley
29Q195,P.S. 195 William Haberle
29Q131,P.S. 131 Abigail Adams
29Q132,P.S. 132 Ralph Bunche
29Q134,P.S. 134 Hollis
29Q259,Pathways College Preparatory School: A College Boa
29Q135,The Bellaire School
29Q136,P.S. 136 Roy Wilkins
30Q092,P.S. 092 Harry T. Stewart Sr.
29Q138,P.S./M.S. 138 Sunrise
29Q147,P.S./M.S. 147 Ronald McNair
29Q156,P.S. 156 Laurelton
29Q181,P.S. 181 Brookfield
29Q192,I.S. 192 The Linden
31R023,P.S. 023 Richmondtown
29Q208,P.S./I.S. 208
29Q238,I.S. 238 - Susan B. Anthony Academy
29Q251,P.S. 251 Queens
29Q268,P.S./I.S. 268
29Q270,The Gordon Parks School
29Q289,Queens United Middle School
29Q327,Eagle Academy for Young Men III
29Q355,Collaborative Arts Middle School
29Q356,Community Voices Middle School
29Q360,P.S. 360
30Q010,I.S. 010 Horace Greeley
30Q011,P.S. 011 Kathryn Phelan
30Q017,P.S. 017 Henry David Thoreau
30Q069,P.S. 069 Jackson Heights
30Q070,P.S. 070
30Q076,P.S. 076 William Hallet
30Q078,P.S./I.S. 78Q
30Q085,P.S. 085 Judge Charles Vallone
30Q111,P.S. 111 Jacob Blackwell
30Q112,P.S. 112 Dutch Kills
30Q122,P.S. 122 Mamie Fay
30Q126,Albert Shanker School for Visual and Performing Ar
30Q150,P.S. 150 Queens
30Q127,P.S. 127 Aerospace Science Magnet School
30Q141,I.S. 141 The Steinway
30Q145,I.S. 145 Joseph Pulitzer
30Q148,P.S. 148 Queens
30Q149,P.S. 149 Christa Mcauliffe
30Q151,P.S. 151 Mary D. Carter
30Q152,P.S. 152 Gwendoline N. Alleyne School
30Q166,P.S. 166 Henry Gradstein
30Q171,P.S. 171 Peter G. Van Alst
30Q204,I.S. 204 Oliver W. Holmes
30Q212,P.S. 212
30Q227,I.S. 227 Louis Armstrong
30Q222,P.S. Q222 - Fire Fighter Christopher A. Santora Sc
30Q228,P.S. 228 Early Childhood Magnet School of the Arts
30Q230,I.S. 230
30Q235,Academy for New Americans
30Q234,P.S. 234
30Q286,"Young Women's Leadership School, Astoria"
30Q280,P.S. 280
30Q291,Hunters Point Community Middle School
30Q329,East Elmhurst Community School
30Q361,The Woodside Community School
30Q580,Baccalaureate School for Global Education
31R001,P.S. 001 Tottenville
31R002,I.S. R002 George L. Egbert
31R003,P.S. 003 The Margaret Gioiosa School
31R006,P.S. 6 Corporal Allan F. Kivlehan School
31R004,P.S. 004 Maurice Wollin
31R005,P.S. 005 Huguenot
31R008,P.S. 8 Shirlee Solomon
31R009,Naples Street Elementary School
31R010,Fort Hill Collaborative Elementary School
31R011,P.S. 11 Thomas Dongan School
31R013,P.S. 013 M. L. Lindemeyer
31R016,P.S. 016 John J. Driscoll
31R018,P.S. 018 John G. Whittier
31R020,P.S. 020 Port Richmond
31R019,P.S. 019 The Curtis School
31R032,P.S. 032 The Gifford School
31R021,P.S. 21 Margaret Emery-Elm Park
31R022,P.S. 022 Graniteville
31R036,P.S. 036 J. C. Drumgoole
31R024,I.S. 024 Myra S. Barnes
31R026,P.S. 026 The Carteret School
31R027,I.S. 027 Anning S. Prall
31R053,P.S. 053 The Barbara Esselborn School
31R028,The Eagle Academy for Young Men of Staten Island
31R029,P.S. 029 Bardwell
31R031,P.S. 031 William T. Davis
31R034,I.S. 034 Tottenville
31R035,P.S. 35 The Clove Valley School
31R038,P.S. 038 George Cromwell
31R039,P.S. 39 Francis J. Murphy Jr.
31R041,The Stephanie A. Vierno School
31R042,P.S. 042 Eltingville
31R060,P.S. 060 Alice Austen
31R045,P.S. 045 John Tyler
31R046,P.S. 046 Albert V. Maniscalco
31R048,P.S. 048 William G. Wilcox
31R049,I.S. 49 Berta A. Dreyfus
31R065,P.S. 65 The Academy of Innovative Learning
31R050,P.S. 050 Frank Hankinson
31R051,I.S. 051 Edwin Markham
31R052,P.S. 052 John C. Thompson
31R069,P.S. 069 Daniel D. Tompkins
31R054,P.S. 054 Charles W. Leng
31R055,P.S. 055 Henry M. Boehm
31R056,P.S. 56 The Louis Desario School
31R057,P.S. 057 Hubert H. Humphrey
31R058,Space Shuttle Columbia School
31R059,The Harbor View School
31R061,I.S. 061 William A Morris
31R062,The Kathleen Grimm School for Leadership and Susta
31R063,Marsh Avenue School for Expeditionary Learning
32K376,P.S. 376
31R072,I.S. 072 Rocco Laurie
31R074,P.S. 74 Future Leaders Elementary School
31R075,I.S. 075 Frank D. Paulo
31R078,P.S. 78
31R080,The Michael J. Petrides School
32K123,P.S. 123 Suydam
31R861,Staten Island School of Civic Leadership
32K045,P.S./I.S. 045 Horace E. Greene
32K075,P.S. 075 Mayda Cortiella
32K086,P.S. 086 The Irvington
32K106,P.S. 106 Edward Everett Hale
32K116,P.S. 116 Elizabeth L Farrell
32K145,P.S. 145 Andrew Jackson
32K151,P.S. 151 Lyndon B. Johnson
32K162,J.H.S. 162 The Willoughby
32K274,P.S. 274 Kosciusko
32K291,J.H.S. 291 Roland Hayes
32K299,P.S. 299 Thomas Warren Field
32K347,I.S. 347 School of Humanities
32K349,"I.S. 349 Math, Science & Tech."
32K377,P.S. 377 Alejandrina B. De Gautier
32K383,J.H.S. 383 Philippa Schuyler
32K384,P.S. /I.S. 384 Frances E. Carter
32K554,All City Leadership Secondary School
32K562,Evergreen Middle School for Urban Exploration
